NAME,TEAM,POS,AGE,GP,MPG,USG%,TO%,FTA,FT%,2PA,2P%,3PA,3P%,eFG%,TS%,PPG,RPG,APG,SPG,BPG,TPG,P+R,P+A,P+R+A,VI,ORtg,DRtg
Joel Embiid,Phi,C-F,29.1,66,34.6,37.0,14.5,771,0.857,1128,0.587,200,0.33,0.573,0.655,33.1,10.2,4.2,1.0,1.7,3.4,43.2,37.2,47.4,13.0,124.4,104.1
Luka Doncic,Dal,F-G,24.1,66,36.2,37.7,14.0,694,0.742,908,0.588,541,0.342,0.56,0.609,32.4,8.6,8.0,1.4,0.5,3.6,41.0,40.4,49.0,14.4,120.0,109.2
Damian Lillard,Por,G,32.7,58,36.3,33.8,13.7,558,0.914,544,0.574,658,0.371,0.564,0.645,32.2,4.8,7.3,0.9,0.3,3.3,36.9,39.5,44.3,11.5,126.4,117.6
Shai Gilgeous-Alexander,Okc,G-F,24.7,68,35.5,32.8,12.2,739,0.905,1213,0.533,168,0.345,0.531,0.626,31.4,4.8,5.5,1.6,1.0,2.8,36.2,36.9,41.7,10.6,124.9,109.8
Giannis Antetokounmpo,Mil,F,28.3,63,32.1,38.8,16.2,772,0.645,1108,0.596,171,0.275,0.571,0.605,31.1,11.8,5.7,0.8,0.8,3.9,42.9,36.8,48.6,15.9,116.8,100.6
Jayson Tatum,Bos,F-G,25.1,74,36.9,32.7,12.0,622,0.854,873,0.558,686,0.35,0.543,0.607,30.1,8.8,4.6,1.1,0.7,2.9,38.8,34.7,43.5,11.6,118.6,106.7
Stephen Curry,Gol,G,35.1,56,34.7,31.0,13.6,281,0.915,494,0.579,639,0.427,0.614,0.656,29.4,6.1,6.3,0.9,0.4,3.2,35.5,35.7,41.8,12.0,123.4,112.1
LeBron James,Lal,F,38.3,55,35.5,33.3,12.7,327,0.768,841,0.58,377,0.321,0.55,0.584,28.9,8.3,6.8,0.9,0.6,3.2,37.2,35.7,44.0,13.3,114.5,110.3
Donovan Mitchell,Cle,G,26.6,68,35.8,32.1,11.4,368,0.867,767,0.566,635,0.386,0.572,0.614,28.3,4.3,4.4,1.5,0.4,2.6,32.5,32.7,36.9,9.1,118.7,107.2
Devin Booker,Pho,G,26.4,53,34.6,31.8,12.0,358,0.855,751,0.554,316,0.351,0.546,0.601,27.8,4.5,5.5,1.0,0.3,2.7,32.3,33.3,37.8,10.2,118.8,109.0
Jaylen Brown,Bos,G-F,26.5,67,35.9,31.5,12.5,344,0.765,896,0.576,487,0.335,0.55,0.581,26.6,6.9,3.5,1.1,0.4,2.9,33.5,30.1,36.9,9.6,109.8,106.5
Ja Morant,Mem,G,23.7,61,31.9,34.9,14.5,497,0.748,914,0.519,300,0.307,0.504,0.557,26.2,5.9,8.1,1.1,0.3,3.4,32.0,34.2,40.1,13.5,114.2,109.6
Trae Young,Atl,G,24.6,73,34.8,32.6,17.7,639,0.886,930,0.476,460,0.335,0.485,0.573,26.2,3.0,10.2,1.1,0.1,4.1,29.2,36.4,39.3,10.7,116.2,117.5
Anthony Davis,Lal,F-C,30.1,56,34.0,28.4,11.2,444,0.784,889,0.588,74,0.257,0.573,0.626,25.9,12.6,2.6,1.1,2.0,2.2,38.5,28.6,41.1,11.1,124.7,104.9
Lauri Markkanen,Uta,F-C,25.9,66,34.4,26.6,10.0,399,0.875,634,0.585,511,0.391,0.586,0.64,25.6,8.6,1.9,0.6,0.6,1.9,34.3,27.5,36.1,8.7,125.5,112.6
Julius Randle,Nyk,F-C,28.4,77,35.5,29.5,13.1,531,0.757,796,0.553,636,0.343,0.536,0.581,25.1,10.0,4.1,0.6,0.3,2.8,35.1,29.2,39.2,11.4,116.8,106.5
De'Aaron Fox,Sac,G,25.3,73,33.4,30.0,12.0,440,0.78,965,0.583,366,0.325,0.557,0.599,25.0,4.2,6.1,1.1,0.3,2.5,29.2,31.1,35.3,10.3,119.2,112.2
Zach LaVine,Chi,G-F,28.1,77,36.0,28.3,12.3,428,0.848,844,0.556,544,0.375,0.558,0.607,24.8,4.5,4.2,0.9,0.2,2.5,29.3,29.1,33.6,8.6,115.6,111.0
Brandon Ingram,Nor,F,25.6,45,34.2,30.8,15.1,272,0.882,671,0.507,164,0.39,0.522,0.582,24.7,5.5,5.8,0.7,0.4,3.3,30.2,30.5,36.0,10.8,112.4,108.5
Anthony Edwards,Min,G,21.7,79,36.0,29.9,14.4,422,0.756,963,0.513,579,0.368,0.528,0.563,24.6,5.8,4.4,1.6,0.7,3.3,30.4,29.1,34.9,9.5,106.0,110.3
DeMar DeRozan,Chi,G-F,33.7,74,36.2,27.8,10.5,523,0.872,1161,0.526,142,0.324,0.522,0.592,24.5,4.6,5.1,1.1,0.5,2.1,29.2,29.6,34.3,9.2,118.8,109.1
Nikola Jokic,Den,C,28.1,69,33.7,27.2,19.5,415,0.822,873,0.675,149,0.383,0.66,0.701,24.5,11.8,9.8,1.3,0.7,3.6,36.3,34.3,46.2,16.8,134.7,105.3
Pascal Siakam,Tor,F,29.0,71,37.4,27.2,11.4,474,0.774,1026,0.523,287,0.324,0.515,0.565,24.2,7.8,5.8,0.9,0.5,2.4,32.1,30.1,37.9,11.0,118.2,108.6
Jalen Brunson,Nyk,G,26.6,68,35.0,27.2,10.6,392,0.829,873,0.519,322,0.416,0.547,0.597,24.0,3.5,6.2,0.9,0.2,2.1,27.6,30.2,33.8,9.2,124.6,112.6
Paul George,Lac,F,32.9,56,34.6,29.5,14.9,294,0.871,578,0.521,426,0.371,0.536,0.588,23.8,6.1,5.1,1.5,0.4,3.1,29.9,28.9,35.0,10.5,112.9,107.7
Kawhi Leonard,Lac,F,31.8,52,33.6,27.0,9.2,279,0.871,621,0.551,250,0.416,0.572,0.623,23.8,6.5,3.9,1.4,0.5,1.7,30.3,27.8,34.3,10.1,125.1,111.3
Bradley Beal,Was,G,29.8,50,33.5,29.2,14.2,228,0.842,659,0.552,219,0.365,0.551,0.593,23.2,3.9,5.4,0.9,0.7,2.9,27.1,28.6,32.5,9.4,113.9,113.7
Kristaps Porzingis,Was,F-C,27.7,65,32.6,27.4,11.8,416,0.851,662,0.559,356,0.385,0.565,0.627,23.2,8.4,2.7,0.9,1.5,2.1,31.6,25.8,34.2,9.9,121.8,107.3
Jimmy Butler,Mia,F,33.6,64,33.4,25.6,10.2,555,0.85,785,0.564,103,0.35,0.56,0.647,22.9,5.8,5.3,1.8,0.3,1.6,28.7,28.2,34.0,10.7,135.9,111.3
Jalen Green,Hou,G,21.2,76,34.2,28.1,12.8,463,0.786,804,0.471,554,0.338,0.486,0.539,22.1,3.7,3.7,0.8,0.2,2.6,25.9,25.8,29.6,7.9,109.1,119.1
Keldon Johnson,San,F-G,23.5,63,32.7,27.9,10.7,327,0.749,706,0.523,407,0.329,0.512,0.551,22.0,5.0,2.9,0.7,0.2,2.1,27.0,24.9,29.9,8.4,108.1,118.0
Klay Thompson,Gol,G,33.2,69,33.0,26.4,8.9,132,0.879,521,0.47,731,0.412,0.556,0.576,21.9,4.1,2.4,0.7,0.4,1.8,26.0,24.2,28.4,7.3,109.6,114.2
Bojan Bogdanovic,Det,F,34.0,59,32.1,25.9,13.3,303,0.884,529,0.539,353,0.411,0.57,0.627,21.6,3.8,2.6,0.6,0.1,2.3,25.4,24.2,27.9,7.4,117.7,117.5
Darius Garland,Cle,G,23.2,69,35.5,26.9,15.0,322,0.863,717,0.492,412,0.41,0.537,0.587,21.6,2.7,7.8,1.2,0.1,2.9,24.3,29.4,32.1,8.7,117.7,109.4
Desmond Bane,Mem,G,24.8,58,31.8,26.1,11.8,205,0.883,532,0.534,407,0.408,0.568,0.606,21.5,5.0,4.4,1.0,0.4,2.2,26.5,25.9,30.9,9.8,118.8,107.0
Kyle Kuzma,Was,F,27.7,64,35.0,27.9,14.3,237,0.73,661,0.533,481,0.333,0.518,0.544,21.2,7.2,3.7,0.6,0.5,3.0,28.4,24.9,32.2,9.4,102.8,111.7
Terry Rozier,Cha,G,29.1,63,35.3,26.9,10.1,220,0.809,683,0.48,505,0.327,0.484,0.517,21.1,4.1,5.1,1.2,0.3,2.1,25.2,26.2,30.3,8.6,106.0,114.6
Anfernee Simons,Por,G,23.8,62,35.0,25.1,10.9,179,0.894,483,0.528,562,0.377,0.548,0.581,21.1,2.6,4.1,0.7,0.2,2.1,23.7,25.1,27.7,7.0,112.9,117.7
James Harden,Phi,G,33.6,58,36.8,25.0,18.8,361,0.867,424,0.495,419,0.384,0.536,0.607,21.0,6.1,10.7,1.2,0.5,3.4,27.1,31.6,37.7,12.1,123.3,110.7
CJ McCollum,Nor,G,31.6,75,35.3,26.4,12.0,238,0.769,801,0.469,543,0.389,0.515,0.541,20.9,4.4,5.7,0.9,0.5,2.4,25.3,26.6,31.0,9.1,109.5,111.2
Jordan Clarkson,Uta,G,30.8,61,32.6,27.8,15.3,245,0.816,572,0.53,459,0.338,0.519,0.558,20.8,4.0,4.4,0.5,0.2,3.0,24.9,25.3,29.3,8.8,108.6,115.8
Tyrese Haliburton,Ind,G,23.1,56,33.6,23.9,14.4,203,0.867,439,0.572,402,0.4,0.586,0.624,20.7,3.7,10.4,1.6,0.4,2.5,24.4,31.2,34.8,11.0,128.9,119.0
Jerami Grant,Por,F,29.1,63,35.6,22.8,11.3,342,0.813,554,0.523,359,0.401,0.554,0.606,20.5,4.5,2.4,0.8,0.8,1.8,25.0,22.9,27.3,6.8,117.1,116.1
Dejounte Murray,Atl,G,26.6,74,36.4,24.4,10.8,190,0.832,932,0.514,387,0.344,0.514,0.54,20.5,5.3,6.1,1.5,0.3,2.2,25.7,26.5,31.8,9.6,111.9,115.4
Bam Adebayo,Mia,C-F,25.7,75,34.6,25.3,14.4,402,0.806,1102,0.545,12,0.083,0.541,0.592,20.4,9.2,3.2,1.2,0.8,2.5,29.6,23.6,32.8,9.8,116.0,105.6
Jordan Poole,Gol,G,23.8,82,30.0,29.2,16.5,415,0.87,641,0.524,637,0.336,0.514,0.573,20.4,2.7,4.5,0.8,0.3,3.1,23.2,24.9,27.7,8.4,109.1,111.5
Tyrese Maxey,Phi,G,22.4,60,33.6,24.1,8.1,213,0.845,543,0.514,370,0.432,0.568,0.605,20.3,2.9,3.5,0.8,0.1,1.3,23.2,23.8,26.8,7.0,120.2,111.8
Kelly Oubre Jr.,Cha,F-G,27.3,48,32.2,26.5,7.2,208,0.76,480,0.51,339,0.319,0.497,0.534,20.3,5.2,1.1,1.4,0.4,1.3,25.4,21.4,26.6,6.1,106.4,109.2
Tyler Herro,Mia,G,23.2,67,34.9,25.6,12.5,182,0.934,572,0.497,537,0.378,0.531,0.566,20.1,5.4,4.2,0.8,0.2,2.4,25.5,24.3,29.7,8.8,109.2,112.0
Paolo Banchero,Orl,F,20.4,72,33.7,27.5,15.1,534,0.738,837,0.471,285,0.298,0.465,0.529,20.0,6.9,3.7,0.8,0.5,2.8,26.9,23.7,30.6,9.5,105.0,109.8
Jamal Murray,Den,G,26.1,65,32.8,26.1,12.2,216,0.833,609,0.494,432,0.398,0.537,0.571,20.0,4.0,6.2,1.0,0.2,2.2,23.9,26.1,30.1,9.7,116.1,113.7
RJ Barrett,Nyk,F-G,22.8,73,33.9,26.2,12.2,392,0.74,786,0.495,390,0.31,0.485,0.531,19.6,5.1,2.8,0.4,0.2,2.2,24.7,22.4,27.4,7.7,106.8,111.3
Jrue Holiday,Mil,G,32.8,67,32.6,25.0,16.1,177,0.859,612,0.542,411,0.384,0.556,0.586,19.3,5.1,7.4,1.2,0.4,2.9,24.3,26.6,31.7,11.0,117.7,109.5
Fred VanVleet,Tor,G,29.1,69,36.7,23.2,11.2,283,0.898,506,0.455,606,0.342,0.486,0.54,19.3,4.1,7.2,1.8,0.6,2.0,23.4,26.5,30.6,9.0,116.6,109.8
Kevin Porter Jr.,Hou,G-F,22.9,59,34.3,24.3,17.5,264,0.784,499,0.501,385,0.366,0.522,0.565,19.2,5.3,5.7,1.4,0.3,3.2,24.5,24.9,30.2,9.7,112.2,114.4
Domantas Sabonis,Sac,F-C,26.9,79,34.6,21.3,19.7,438,0.742,855,0.639,83,0.373,0.632,0.668,19.1,12.3,7.3,0.8,0.5,2.9,31.4,26.4,38.7,13.8,132.5,105.7
Jaren Jackson Jr.,Mem,F-C,23.6,63,28.4,24.7,11.5,306,0.788,540,0.585,282,0.355,0.567,0.613,18.6,6.8,1.0,1.0,3.0,1.7,25.4,19.6,26.3,7.1,117.8,100.3
Franz Wagner,Orl,F,21.6,80,32.6,23.5,13.0,322,0.842,758,0.544,360,0.361,0.543,0.589,18.6,4.1,3.5,1.0,0.2,2.1,22.7,22.1,26.2,7.9,115.0,110.9
Deandre Ayton,Pho,C,24.7,67,30.4,22.9,11.9,200,0.76,863,0.597,24,0.292,0.592,0.617,18.0,10.0,1.7,0.6,0.8,1.8,27.9,19.7,29.6,8.9,118.8,104.7
Myles Turner,Ind,C-F,27.0,62,29.4,22.0,12.3,276,0.783,484,0.638,250,0.372,0.611,0.651,18.0,7.5,1.4,0.6,2.3,1.7,25.5,19.4,26.9,7.8,121.6,107.9
D'Angelo Russell,Min,G,27.1,54,32.9,22.8,16.8,167,0.856,348,0.546,378,0.392,0.567,0.605,17.9,3.1,6.2,1.1,0.4,2.7,21.0,24.1,27.1,8.5,115.4,112.9
Spencer Dinwiddie,Dal,G,30.0,53,34.1,21.9,11.4,207,0.821,353,0.504,341,0.405,0.555,0.599,17.7,3.1,5.2,0.7,0.3,1.7,20.8,23.0,26.1,7.7,120.7,114.2
Nikola Vucevic,Chi,C,32.5,82,33.5,21.9,10.8,158,0.835,801,0.594,347,0.349,0.573,0.594,17.6,11.0,3.2,0.7,0.7,1.7,28.7,20.9,31.9,10.2,117.9,105.9
Michael Porter Jr.,Den,F,24.8,62,29.0,22.7,7.7,120,0.8,363,0.579,454,0.414,0.602,0.621,17.4,5.5,1.0,0.6,0.5,1.1,22.9,18.5,24.0,6.3,118.3,110.8
Gary Trent Jr.,Tor,G-F,24.2,66,32.1,21.7,5.6,205,0.839,485,0.493,450,0.369,0.522,0.56,17.4,2.6,1.6,1.6,0.2,0.8,20.0,19.0,21.6,5.2,116.2,113.8
Mikal Bridges,Pho,F,26.6,56,36.4,19.2,9.3,174,0.897,503,0.503,261,0.387,0.529,0.574,17.2,4.3,3.6,1.2,0.8,1.4,21.6,20.8,25.2,7.1,118.4,112.6
Norman Powell,Lac,G,29.9,60,26.1,26.0,12.4,277,0.812,423,0.534,287,0.397,0.559,0.612,17.0,2.9,1.8,0.8,0.3,1.7,19.9,18.8,21.7,6.8,115.5,110.2
O.G. Anunoby,Tor,F,25.7,67,35.6,19.5,13.0,167,0.838,518,0.539,367,0.387,0.556,0.586,16.8,5.0,2.0,1.9,0.7,2.0,21.7,18.7,23.7,6.2,112.6,108.6
Buddy Hield,Ind,G,30.3,80,31.0,20.9,11.8,129,0.822,361,0.518,677,0.425,0.596,0.614,16.8,5.0,2.8,1.2,0.3,1.7,21.8,19.6,24.6,8.0,115.5,115.4
Bennedict Mathurin,Ind,G-F,20.8,78,28.5,24.6,13.8,452,0.83,641,0.488,310,0.323,0.487,0.566,16.7,4.1,1.5,0.6,0.2,1.9,20.8,18.2,22.2,6.6,109.1,116.1
Josh Giddey,Okc,G,20.5,76,31.2,24.5,15.9,145,0.731,884,0.524,234,0.325,0.516,0.533,16.6,7.9,6.2,0.8,0.4,2.8,24.5,22.8,30.6,12.0,109.4,110.6
Christian Wood,Dal,F,27.5,67,25.9,26.4,13.6,281,0.772,490,0.594,279,0.376,0.583,0.624,16.6,7.3,1.8,0.4,1.1,1.8,24.0,18.4,25.8,9.3,117.1,106.8
Aaron Gordon,Den,F,27.6,68,30.3,21.1,11.4,312,0.609,588,0.628,173,0.347,0.603,0.617,16.3,6.6,3.0,0.8,0.8,1.4,22.9,19.3,25.8,9.1,124.9,111.3
Jaden Ivey,Det,G,21.2,74,31.1,25.4,19.4,356,0.747,633,0.457,350,0.343,0.477,0.528,16.3,3.9,5.2,0.8,0.2,3.2,20.2,21.5,25.4,8.9,103.3,112.3
Evan Mobley,Cle,C,21.8,79,34.4,20.2,13.3,303,0.673,847,0.594,102,0.216,0.565,0.589,16.2,9.0,2.8,0.8,1.5,1.8,25.2,19.0,28.0,8.6,117.9,104.0
Brook Lopez,Mil,C,35.0,78,30.4,19.3,10.6,190,0.784,535,0.637,364,0.374,0.606,0.63,15.9,6.7,1.3,0.5,2.5,1.4,22.5,17.2,23.8,6.8,122.4,106.2
Russell Westbrook,Lal,G,34.4,52,28.7,28.9,20.2,238,0.655,516,0.467,213,0.296,0.46,0.496,15.9,6.2,7.5,1.0,0.4,3.6,22.1,23.4,29.6,12.6,101.0,106.7
P.J. Washington,Cha,F,24.6,73,32.6,20.6,10.1,174,0.73,550,0.518,428,0.348,0.52,0.542,15.7,4.9,2.4,0.9,1.1,1.5,20.6,18.1,23.0,7.0,107.2,111.2
De'Andre Hunter,Atl,F-G,25.4,67,31.7,19.7,9.1,207,0.826,536,0.521,286,0.35,0.522,0.563,15.4,4.2,1.4,0.5,0.3,1.2,19.6,16.8,21.0,5.7,111.7,111.4
Scottie Barnes,Tor,F,21.7,77,34.8,20.4,13.2,246,0.772,792,0.505,224,0.281,0.487,0.524,15.3,6.6,4.8,1.1,0.8,2.0,22.0,20.1,26.8,9.0,112.7,111.6
Wendell Carter Jr.,Orl,C-F,24.0,57,29.6,20.5,14.7,195,0.738,388,0.624,225,0.356,0.591,0.621,15.2,8.7,2.3,0.5,0.6,1.9,23.9,17.5,26.3,9.1,119.3,105.7
Kevin Huerter,Sac,G-F,24.6,75,29.4,19.9,10.1,131,0.725,356,0.604,510,0.402,0.603,0.617,15.2,3.3,2.9,1.1,0.3,1.3,18.5,18.1,21.5,7.2,119.5,111.2
Harrison Barnes,Sac,F,30.9,82,32.5,17.1,9.8,413,0.847,439,0.551,353,0.374,0.556,0.632,15.0,4.5,1.6,0.7,0.1,1.0,19.5,16.6,21.0,5.9,126.8,116.5
Malcolm Brogdon,Bos,G,30.3,67,26.0,22.8,11.8,184,0.87,435,0.51,297,0.444,0.574,0.615,14.9,4.2,3.7,0.7,0.3,1.5,19.1,18.6,22.8,9.4,122.1,108.4
Immanuel Quickley,Nyk,G,23.8,81,28.9,20.9,9.6,248,0.819,482,0.521,454,0.37,0.537,0.578,14.9,4.2,3.4,1.0,0.2,1.2,19.1,18.4,22.5,8.3,122.0,110.3
Saddiq Bey,Det,F,24.0,52,28.8,21.4,8.2,209,0.861,313,0.46,293,0.345,0.488,0.552,14.8,4.7,1.6,1.0,0.2,1.0,19.5,16.4,21.1,6.7,114.7,116.2
Alperen Sengun,Hou,C,20.7,75,28.9,21.4,19.4,288,0.715,742,0.57,57,0.333,0.565,0.599,14.8,9.0,3.9,0.9,0.9,2.6,23.8,18.7,27.7,11.1,117.3,107.8
Tobias Harris,Phi,F,30.7,74,32.9,18.2,9.5,129,0.876,521,0.57,324,0.389,0.575,0.602,14.7,5.7,2.5,0.9,0.5,1.2,20.4,17.2,22.9,7.2,118.8,110.1
Gordon Hayward,Cha,F,33.0,50,31.5,20.0,14.6,159,0.811,421,0.532,160,0.325,0.52,0.563,14.7,4.3,4.1,0.8,0.2,2.0,19.0,18.8,23.1,8.1,110.3,115.4
Trey Murphy III,Nor,F,22.8,79,31.0,16.6,7.2,190,0.905,302,0.613,497,0.406,0.611,0.65,14.5,3.6,1.4,1.1,0.5,0.8,18.1,15.9,19.5,5.4,128.5,110.3
Tim Hardaway Jr.,Dal,G-F,31.1,71,30.3,20.6,6.6,165,0.77,297,0.431,550,0.385,0.527,0.554,14.4,3.5,1.8,0.7,0.2,0.8,17.9,16.2,19.7,5.9,110.1,114.8
Jarrett Allen,Cle,C,25.0,68,32.6,16.5,12.9,221,0.733,616,0.653,10,0.1,0.645,0.67,14.3,9.8,1.7,0.8,1.2,1.4,24.0,15.9,25.7,7.6,133.1,105.0
Dillon Brooks,Mem,G-F,27.2,73,30.3,21.8,9.5,154,0.779,552,0.451,439,0.326,0.468,0.494,14.3,3.3,2.6,0.9,0.2,1.4,17.7,16.9,20.3,6.6,102.3,105.5
Collin Sexton,Uta,G,24.3,48,23.9,23.4,15.2,199,0.819,347,0.545,122,0.393,0.557,0.615,14.3,2.2,2.9,0.6,0.1,1.8,16.5,17.1,19.3,7.5,119.4,112.2
Bobby Portis,Mil,F,28.2,70,26.0,21.7,9.2,125,0.768,546,0.555,257,0.37,0.555,0.575,14.1,9.6,1.5,0.4,0.2,1.2,23.7,15.6,25.2,9.0,117.3,105.2
Jonas Valanciunas,Nor,C,30.9,79,24.9,23.4,16.3,224,0.826,707,0.577,109,0.349,0.57,0.61,14.1,10.2,1.8,0.3,0.7,2.0,24.3,15.9,26.1,10.2,116.9,99.8
Jalen Williams,Okc,G-F,22.0,75,30.3,18.4,13.4,191,0.812,589,0.579,205,0.356,0.567,0.601,14.1,4.5,3.3,1.4,0.5,1.6,18.6,17.4,21.9,7.8,118.6,109.4
Bogdan Bogdanovic,Atl,G,30.6,54,27.9,19.8,9.6,77,0.831,251,0.506,360,0.406,0.566,0.586,14.0,3.0,2.8,0.8,0.3,1.2,17.0,16.8,19.8,7.0,116.5,115.1
Markelle Fultz,Orl,G,24.9,60,29.6,21.3,17.0,143,0.783,592,0.544,87,0.31,0.534,0.564,14.0,3.9,5.7,1.5,0.4,2.3,17.9,19.6,23.5,9.2,113.2,109.4
Chris Paul,Pho,G,37.9,59,32.0,19.2,14.6,160,0.831,407,0.482,261,0.375,0.513,0.555,13.9,4.3,8.9,1.5,0.4,1.9,18.1,22.8,27.0,10.1,121.9,109.6
Luguentz Dort,Okc,G,24.0,74,30.7,19.8,9.5,259,0.772,464,0.44,409,0.33,0.466,0.513,13.7,4.6,2.1,1.0,0.3,1.2,18.3,15.8,20.4,6.6,109.3,108.1
Malik Monk,Sac,G,25.2,77,22.3,25.8,15.5,207,0.889,398,0.538,398,0.359,0.538,0.587,13.5,2.6,3.9,0.6,0.3,1.9,16.2,17.4,20.0,9.2,113.9,112.6
Malik Beasley,Uta,G,26.4,55,26.7,21.3,8.2,44,0.841,198,0.485,471,0.359,0.522,0.535,13.4,3.6,1.7,0.8,0.1,1.1,17.0,15.1,18.7,6.5,107.2,115.3
Rudy Gobert,Min,C,30.8,70,30.7,16.3,18.3,340,0.644,543,0.663,3,0.0,0.659,0.675,13.4,11.6,1.2,0.8,1.4,1.7,25.0,14.7,26.3,7.4,128.1,103.9
Jusuf Nurkic,Por,C,28.6,52,26.7,22.2,19.1,192,0.661,386,0.567,119,0.361,0.561,0.589,13.3,9.1,2.9,0.8,0.8,2.3,22.4,16.2,25.3,10.6,112.7,104.0
John Collins,Atl,F-C,25.5,71,30.0,17.0,10.0,178,0.803,467,0.619,240,0.292,0.557,0.593,13.1,6.5,1.2,0.6,1.0,1.1,19.6,14.3,20.8,6.2,116.7,108.2
Eric Gordon,Hou,G,34.3,47,30.2,18.1,14.8,135,0.815,233,0.536,245,0.347,0.528,0.572,13.1,2.1,2.9,0.6,0.4,1.8,15.1,16.0,18.0,5.7,112.6,122.2
Cole Anthony,Orl,G,22.9,60,25.9,21.5,13.0,170,0.894,404,0.5,206,0.364,0.516,0.57,13.0,4.8,3.9,0.6,0.5,1.5,17.8,16.9,21.7,9.6,116.8,106.3
Austin Reaves,Lal,G,24.9,64,28.8,16.2,16.8,265,0.864,274,0.631,216,0.398,0.616,0.687,13.0,3.0,3.4,0.5,0.3,1.5,16.0,16.4,19.4,7.1,129.5,112.4
Tre Jones,San,G,23.3,68,29.2,19.3,12.9,172,0.86,585,0.506,158,0.285,0.489,0.534,12.9,3.6,6.6,1.3,0.1,1.6,16.5,19.5,23.1,9.2,116.7,118.7
Alec Burks,Det,G,31.7,51,22.0,22.8,11.2,188,0.814,220,0.459,239,0.414,0.544,0.602,12.8,3.1,2.2,0.7,0.2,1.1,15.9,15.0,18.1,8.1,119.8,112.9
Jabari Smith Jr.,Hou,F,19.9,79,31.0,18.4,10.4,206,0.786,501,0.487,391,0.307,0.475,0.514,12.8,7.2,1.3,0.5,0.9,1.3,20.0,14.1,21.3,6.4,107.4,112.1
Kenyon Martin Jr.,Hou,F,22.3,82,28.0,16.4,11.2,222,0.68,504,0.679,216,0.315,0.617,0.635,12.7,5.5,1.5,0.5,0.4,1.1,18.2,14.2,19.7,6.7,125.5,116.5
Nic Claxton,Bro,F-C,24.0,76,29.9,15.5,14.1,246,0.541,585,0.708,2,0.0,0.705,0.691,12.6,9.2,1.9,0.9,2.5,1.3,21.9,14.5,23.8,8.1,133.4,105.2
Dennis Schroder,Lal,G,29.6,66,30.1,18.6,14.7,252,0.857,426,0.46,225,0.329,0.472,0.545,12.6,2.5,4.5,0.8,0.2,1.7,15.1,17.1,19.6,6.9,111.5,110.9
Kelly Olynyk,Uta,F-C,32.0,68,28.6,17.8,23.2,232,0.853,321,0.576,235,0.396,0.584,0.644,12.5,6.2,3.7,0.9,0.5,2.5,18.6,16.2,22.3,9.2,117.6,106.1
Derrick White,Bos,G,28.8,82,28.3,17.7,11.1,192,0.875,367,0.548,391,0.381,0.56,0.604,12.4,3.6,3.9,0.7,0.9,1.2,16.0,16.3,19.9,7.9,124.5,107.8
Keegan Murray,Sac,F,22.6,80,29.8,15.8,7.1,81,0.765,281,0.527,501,0.411,0.584,0.597,12.2,4.6,1.2,0.8,0.5,0.8,16.8,13.4,18.1,5.5,118.8,112.8
Mason Plumlee,Cha,F-C,33.1,56,28.5,15.7,17.8,256,0.605,396,0.669,0,0.0,0.669,0.673,12.2,9.6,3.7,0.6,0.6,1.5,21.9,15.9,25.5,10.6,134.1,106.5
Thomas Bryant,Lal,C-F,25.7,41,21.3,18.2,8.5,108,0.741,251,0.697,50,0.44,0.691,0.712,12.1,6.8,0.7,0.3,0.6,0.7,18.9,12.8,19.6,7.3,138.3,105.3
Bones Hyland,Den,G,22.6,42,19.5,28.5,13.4,82,0.866,193,0.425,241,0.378,0.503,0.54,12.1,2.0,3.0,0.7,0.3,1.6,14.1,15.1,17.1,8.6,106.1,110.1
Caris LeVert,Cle,G,28.6,74,30.3,18.7,13.5,180,0.722,418,0.462,324,0.392,0.517,0.546,12.1,3.8,3.9,1.0,0.3,1.6,15.9,16.0,19.8,7.4,111.6,106.7
Jaden McDaniels,Min,F,22.5,79,30.6,15.8,13.5,144,0.736,447,0.588,270,0.396,0.591,0.611,12.1,3.9,1.9,0.9,1.0,1.4,15.9,13.9,17.8,5.9,115.3,107.6
Jakob Poeltl,San,C,27.5,46,26.1,18.6,19.8,129,0.605,387,0.618,1,0.0,0.616,0.625,12.1,9.0,3.1,0.8,1.1,2.1,21.1,15.2,24.2,10.7,119.2,110.8
Marvin Bagley III,Det,F,24.1,42,23.6,20.5,10.7,108,0.75,317,0.577,66,0.288,0.552,0.585,12.0,6.4,0.9,0.5,0.7,1.1,18.4,12.9,19.3,7.0,117.3,112.7
Clint Capela,Atl,C,28.9,65,26.6,15.7,9.1,131,0.603,535,0.654,1,0.0,0.653,0.656,12.0,11.0,0.9,0.7,1.2,0.8,23.0,12.9,23.9,7.4,137.0,108.0
Lonnie Walker IV,Lal,G-F,24.3,56,23.2,20.2,8.0,106,0.858,278,0.522,249,0.365,0.534,0.57,11.7,1.9,1.1,0.5,0.3,0.8,13.6,12.8,14.8,5.0,111.1,112.8
Zach Collins,San,F-C,25.4,63,22.9,21.2,19.0,142,0.761,401,0.571,147,0.374,0.568,0.599,11.6,6.4,2.9,0.6,0.8,2.0,18.0,14.5,20.8,10.5,112.4,107.4
Bruce Brown,Den,G-F,26.7,80,28.5,17.8,14.2,153,0.758,487,0.548,254,0.358,0.545,0.571,11.5,4.1,3.4,1.1,0.6,1.5,15.6,14.9,19.0,7.6,113.2,108.9
Naz Reid,Min,C-F,23.6,68,18.4,24.8,13.7,127,0.677,360,0.653,217,0.346,0.602,0.617,11.5,4.9,1.1,0.6,0.8,1.4,16.4,12.6,17.5,8.6,112.5,100.7
Josh Richardson,San,G,29.6,42,23.7,20.5,13.4,60,0.883,199,0.518,207,0.357,0.527,0.556,11.5,2.8,3.3,1.0,0.3,1.5,14.3,14.7,17.5,8.0,110.6,116.9
Marcus Smart,Bos,G,29.1,61,32.1,17.8,19.2,118,0.746,260,0.519,342,0.336,0.511,0.538,11.5,3.1,6.3,1.5,0.4,2.3,14.7,17.8,20.9,7.6,110.7,105.8
Max Strus,Mia,G-F,27.0,80,28.4,17.6,8.0,89,0.876,227,0.559,563,0.35,0.535,0.557,11.5,3.2,2.1,0.5,0.2,0.9,14.8,13.7,16.9,6.0,113.0,110.2
Quentin Grimes,Nyk,G,22.9,71,29.9,14.5,10.4,98,0.796,195,0.641,407,0.386,0.599,0.619,11.3,3.2,2.1,0.7,0.4,1.0,14.5,13.4,16.6,5.7,124.4,110.6
Isaiah Stewart,Det,F-C,21.9,50,28.3,17.3,13.4,149,0.738,236,0.542,205,0.327,0.518,0.56,11.3,8.1,1.4,0.4,0.7,1.4,19.4,12.7,20.8,7.1,113.7,110.9
Kyle Lowry,Mia,G,37.0,55,31.2,16.7,17.5,135,0.859,175,0.509,310,0.345,0.514,0.565,11.2,4.1,5.1,1.0,0.4,1.9,15.3,16.3,20.4,7.9,114.8,107.7
Marcus Morris Sr.,Lac,F,33.6,65,28.1,17.6,8.0,87,0.782,336,0.482,307,0.365,0.513,0.534,11.2,4.0,1.8,0.6,0.3,0.9,15.2,13.0,16.9,6.1,108.3,110.5
Corey Kispert,Was,F,24.1,74,28.3,14.1,8.7,88,0.852,201,0.637,385,0.423,0.636,0.656,11.1,2.8,1.2,0.4,0.1,0.8,13.9,12.3,15.1,4.7,124.2,116.6
Jeremy Sochan,San,F,19.9,56,26.0,19.8,14.9,116,0.698,418,0.519,134,0.246,0.483,0.509,11.0,5.3,2.5,0.8,0.4,1.7,16.2,13.5,18.8,8.1,102.7,113.6
Reggie Jackson,Lac,G,33.0,52,25.7,20.8,15.8,66,0.924,292,0.469,220,0.35,0.493,0.523,10.9,2.2,3.5,0.7,0.1,1.8,13.1,14.4,16.6,6.8,103.2,112.4
Kentavious Caldwell-Pope,Den,G,30.1,76,31.3,14.1,12.0,125,0.824,313,0.502,319,0.423,0.569,0.598,10.8,2.8,2.4,1.5,0.5,1.1,13.6,13.2,16.0,5.3,116.7,112.0
Jaylen Nowell,Min,G,23.8,65,19.3,25.0,9.4,99,0.778,393,0.542,231,0.29,0.502,0.527,10.8,2.6,2.0,0.6,0.1,1.0,13.4,12.9,15.5,7.9,106.1,110.4
Ivica Zubac,Lac,C,26.1,76,28.5,14.8,18.5,238,0.697,512,0.637,2,0.0,0.634,0.661,10.8,9.9,1.0,0.4,1.3,1.5,20.7,11.8,21.7,6.7,126.7,105.0
Mike Conley,Uta,G,35.5,43,29.7,16.1,16.5,96,0.813,162,0.469,213,0.362,0.511,0.552,10.7,2.5,7.7,1.0,0.2,1.7,13.2,18.4,20.9,8.0,122.8,113.8
Talen Horton-Tucker,Uta,G,22.4,65,20.2,25.9,17.0,168,0.75,410,0.485,203,0.286,0.467,0.508,10.7,3.2,3.8,0.6,0.4,1.9,14.0,14.5,17.8,10.0,104.0,111.4
Victor Oladipo,Mia,G,30.9,42,26.3,21.1,17.7,79,0.747,191,0.471,212,0.33,0.484,0.513,10.7,3.0,3.5,1.4,0.3,2.1,13.7,14.2,17.2,7.3,98.9,105.9
Jalen McDaniels,Cha,F-C,25.2,56,26.7,17.4,13.8,104,0.846,292,0.534,202,0.322,0.513,0.551,10.6,4.8,2.0,1.2,0.5,1.4,15.4,12.6,17.4,7.0,106.4,106.7
Cam Thomas,Bro,G,21.5,57,16.6,27.9,12.1,174,0.868,323,0.464,133,0.383,0.497,0.567,10.6,1.7,1.4,0.4,0.1,1.1,12.3,12.0,13.6,7.1,107.9,114.3
Moritz Wagner,Orl,F-C,26.0,57,19.5,21.1,14.6,182,0.841,233,0.631,163,0.313,0.564,0.63,10.5,4.5,1.5,0.6,0.2,1.2,15.1,12.0,16.5,8.5,122.3,103.0
Grayson Allen,Mil,G,27.5,72,27.4,14.6,11.4,126,0.905,191,0.518,366,0.399,0.571,0.612,10.4,3.3,2.3,0.9,0.2,1.0,13.7,12.7,16.0,6.3,123.5,110.0
Killian Hayes,Det,G,21.7,76,28.3,20.5,17.5,112,0.821,529,0.429,286,0.28,0.426,0.455,10.3,2.9,6.2,1.4,0.4,2.3,13.3,16.5,19.4,8.1,98.6,111.5
Tyus Jones,Mem,G,26.9,80,24.2,17.7,9.4,100,0.8,384,0.495,326,0.371,0.523,0.546,10.3,2.5,5.2,1.0,0.1,0.9,12.8,15.5,18.0,8.5,122.1,114.8
Monte Morris,Was,G,27.8,62,27.4,15.6,10.4,77,0.831,311,0.543,204,0.382,0.555,0.579,10.3,3.4,5.3,0.7,0.2,1.0,13.6,15.5,18.9,8.3,125.2,115.5
Cameron Payne,Pho,G,28.7,48,20.2,24.8,15.2,64,0.766,268,0.448,185,0.368,0.49,0.512,10.3,2.2,4.5,0.7,0.2,1.7,12.5,14.7,16.9,9.3,106.0,108.4
Malaki Branham,San,F,19.9,66,23.5,19.1,11.1,70,0.829,355,0.538,255,0.302,0.502,0.524,10.2,2.7,1.9,0.5,0.1,1.2,12.9,12.1,14.8,6.4,103.2,117.3
Doug McDermott,San,F,31.3,64,20.5,19.2,10.0,70,0.757,225,0.516,298,0.413,0.575,0.59,10.2,2.2,1.4,0.2,0.1,0.9,12.4,11.6,13.8,6.2,112.9,116.6
Patrick Williams,Chi,F,21.6,82,28.3,15.7,13.0,105,0.857,400,0.498,277,0.415,0.549,0.576,10.2,4.0,1.2,0.9,0.9,1.2,14.1,11.4,15.4,5.2,108.8,110.0
De'Anthony Melton,Phi,G,24.9,77,27.9,16.5,13.5,87,0.793,248,0.484,403,0.39,0.546,0.566,10.1,4.1,2.6,1.6,0.5,1.3,14.2,12.7,16.8,6.8,111.7,106.0
Aaron Nesmith,Ind,G-F,23.5,73,24.9,16.8,11.2,142,0.838,276,0.496,313,0.367,0.525,0.566,10.1,3.8,1.3,0.8,0.5,1.0,13.9,11.5,15.2,5.9,111.7,109.0
Brandon Clarke,Mem,F,26.6,56,19.5,17.7,13.6,137,0.723,343,0.665,6,0.167,0.658,0.682,10.0,5.5,1.3,0.6,0.7,1.0,15.5,11.3,16.8,8.5,131.0,100.8
Jonathan Kuminga,Gol,F,20.5,67,20.8,19.6,16.0,138,0.652,351,0.59,146,0.37,0.579,0.597,9.9,3.4,1.9,0.6,0.5,1.4,13.4,11.8,15.3,7.7,112.5,107.3
Onyeka Okongwu,Atl,F-C,22.3,80,23.1,15.1,14.0,196,0.781,484,0.647,13,0.308,0.642,0.678,9.9,7.2,1.0,0.7,1.3,1.0,17.1,10.9,18.1,7.2,135.0,103.6
Shaedon Sharpe,Por,G,19.9,80,22.2,19.0,11.3,105,0.714,365,0.559,283,0.36,0.551,0.568,9.9,3.0,1.2,0.5,0.3,1.0,12.8,11.0,14.0,5.9,109.2,115.4
Jalen Suggs,Orl,G,21.9,53,23.5,20.4,17.5,119,0.723,242,0.496,202,0.327,0.493,0.528,9.9,3.0,2.9,1.3,0.5,1.8,12.9,12.8,15.8,7.5,104.7,106.8
Al Horford,Bos,C-F,36.9,63,30.5,11.9,7.2,21,0.714,154,0.539,325,0.446,0.627,0.631,9.8,6.2,3.0,0.5,1.0,0.6,16.0,12.8,19.0,7.4,133.4,108.2
Herbert Jones,Nor,F,24.5,66,29.5,14.5,14.9,161,0.764,334,0.536,167,0.335,0.525,0.567,9.8,4.1,2.5,1.6,0.6,1.3,13.9,12.3,16.4,6.3,115.1,104.5
Keita Bates-Diop,San,F,27.2,67,21.7,16.7,10.7,150,0.793,323,0.557,142,0.394,0.568,0.609,9.7,3.7,1.5,0.7,0.3,0.8,13.4,11.2,14.9,7.0,121.5,119.3
Coby White,Chi,G,23.1,74,23.4,17.9,11.1,70,0.871,250,0.54,344,0.372,0.551,0.572,9.7,2.9,2.8,0.7,0.1,1.0,12.5,12.4,15.3,7.3,112.8,109.0
Caleb Martin,Mia,F,27.5,71,29.3,14.5,12.6,113,0.805,312,0.545,236,0.356,0.54,0.571,9.6,4.8,1.6,1.0,0.4,1.1,14.5,11.3,16.1,5.7,113.4,108.7
Josh Hart,Por,G,28.1,51,33.4,12.6,17.9,119,0.731,251,0.594,112,0.304,0.551,0.586,9.5,8.2,3.9,1.1,0.2,1.5,17.7,13.5,21.6,8.1,121.5,112.0
Isaiah Joe,Okc,G,23.8,73,19.1,17.7,7.1,100,0.82,114,0.553,394,0.409,0.599,0.626,9.5,2.4,1.2,0.7,0.1,0.5,11.9,10.7,13.1,6.3,124.9,111.1
Andrew Nembhard,Ind,G-F,23.2,75,27.6,16.1,16.4,62,0.79,381,0.504,263,0.35,0.512,0.528,9.5,2.7,4.5,0.9,0.2,1.7,12.1,14.0,16.7,7.1,107.6,114.8
Kyle Anderson,Min,F-G,29.6,69,28.4,14.4,17.2,136,0.735,390,0.536,105,0.41,0.553,0.583,9.4,5.3,4.9,1.1,0.9,1.5,14.7,14.2,19.6,8.8,120.3,109.2
Chris Boucher,Tor,F-C,30.2,76,20.0,18.0,7.2,168,0.762,339,0.587,189,0.328,0.553,0.591,9.4,5.5,0.4,0.6,0.8,0.5,14.9,9.8,15.3,5.5,125.5,106.9
Donte DiVincenzo,Gol,G,26.2,72,26.3,15.1,17.2,71,0.817,162,0.525,378,0.397,0.574,0.593,9.4,4.5,3.5,1.3,0.1,1.6,13.9,12.9,17.4,8.0,117.1,110.3
Jalen Smith,Ind,F-C,23.1,68,18.8,21.0,12.4,137,0.759,317,0.593,191,0.283,0.53,0.565,9.4,5.8,1.0,0.3,0.9,1.1,15.2,10.4,16.2,8.1,113.6,107.9
Gabe Vincent,Mia,G,26.8,68,25.9,17.5,14.0,78,0.872,217,0.512,350,0.334,0.505,0.533,9.4,2.1,2.5,0.9,0.1,1.4,11.6,11.9,14.0,5.7,104.2,108.1
Hamidou Diallo,Det,G,24.7,56,17.8,21.9,15.9,148,0.588,354,0.593,21,0.238,0.58,0.593,9.3,3.5,1.0,0.9,0.3,1.3,12.8,10.3,13.8,7.2,109.4,107.3
Tari Eason,Hou,F,21.9,82,21.6,19.3,13.3,145,0.752,488,0.486,172,0.343,0.493,0.525,9.3,6.0,1.1,1.2,0.6,1.2,15.3,10.3,16.4,7.3,109.6,108.7
Precious Achiuwa,Tor,F,23.6,55,20.7,19.3,12.7,124,0.702,296,0.564,108,0.269,0.521,0.554,9.2,6.0,0.9,0.6,0.5,1.1,15.2,10.1,16.1,7.1,112.3,106.9
Deni Avdija,Was,F,22.3,76,26.6,16.7,17.5,165,0.739,347,0.53,232,0.297,0.497,0.535,9.2,6.4,2.8,0.9,0.4,1.6,15.6,11.9,18.4,8.2,105.9,105.9
Seth Curry,Bro,G,32.6,61,19.8,19.2,10.2,55,0.927,217,0.525,232,0.405,0.568,0.593,9.2,1.6,1.6,0.6,0.1,0.8,10.8,10.8,12.5,5.8,112.8,112.1
Walker Kessler,Uta,C,21.7,74,23.0,13.3,12.3,159,0.516,411,0.723,3,0.333,0.721,0.702,9.2,8.4,0.9,0.4,2.3,0.8,17.6,10.1,18.5,7.2,140.0,107.4
Bol Bol,Orl,C-F,23.4,70,21.5,18.2,19.0,108,0.759,365,0.633,113,0.265,0.577,0.603,9.1,5.8,1.0,0.4,1.2,1.6,14.8,10.0,15.8,7.0,106.3,109.1
Jalen Duren,Det,C,19.4,67,24.9,14.3,18.8,157,0.611,396,0.652,2,0.0,0.648,0.655,9.1,8.9,1.1,0.7,0.9,1.4,18.0,10.3,19.1,7.2,126.2,108.1
Josh Green,Dal,G,22.4,60,25.7,14.6,15.8,94,0.723,213,0.643,169,0.402,0.626,0.645,9.1,3.0,1.7,0.7,0.1,1.2,12.1,10.8,13.9,5.6,120.1,110.1
Naji Marshall,Nor,F,25.2,77,23.3,17.8,14.5,175,0.789,353,0.513,218,0.303,0.49,0.539,9.1,3.6,2.5,0.7,0.2,1.3,12.7,11.5,15.1,7.5,108.6,109.7
Taurean Prince,Min,F,29.1,54,22.1,17.3,15.4,77,0.844,185,0.557,194,0.381,0.565,0.597,9.1,2.4,1.6,0.5,0.3,1.3,11.6,10.7,13.1,5.9,108.4,108.8
Santi Aldama,Mem,F-C,22.2,77,21.8,16.0,10.3,144,0.75,259,0.591,266,0.353,0.56,0.591,9.0,4.8,1.3,0.6,0.6,0.8,13.9,10.3,15.1,7.0,120.0,105.8
Jose Alvarado,Nor,G,25.0,61,21.5,19.8,14.2,80,0.813,242,0.488,247,0.336,0.496,0.525,9.0,2.3,3.0,1.1,0.2,1.3,11.3,12.1,14.4,7.4,106.6,106.0
Daniel Gafford,Was,F-C,24.5,78,20.6,15.2,17.7,187,0.679,395,0.732,0,0.0,0.732,0.739,9.0,5.6,1.1,0.4,1.3,1.1,14.6,10.1,15.7,7.4,136.8,106.0
Mark Williams,Cha,C,21.3,43,19.3,17.0,13.7,97,0.691,251,0.637,0,0.0,0.637,0.659,9.0,7.1,0.4,0.7,1.0,0.9,16.1,9.4,16.5,6.1,125.7,103.4
AJ Griffin,Atl,F,19.6,72,19.5,17.8,7.3,47,0.894,274,0.536,259,0.39,0.56,0.577,8.9,2.1,1.0,0.6,0.2,0.6,11.0,9.9,12.0,5.4,115.6,114.8
Jaden Hardy,Dal,G,20.8,48,14.8,26.4,12.1,79,0.823,177,0.469,156,0.404,0.533,0.571,8.8,1.9,1.4,0.4,0.1,1.0,10.6,10.1,12.0,7.7,108.1,110.7
Terance Mann,Lac,G-F,26.5,81,23.1,15.3,13.2,118,0.78,326,0.598,198,0.389,0.593,0.619,8.8,3.4,2.3,0.5,0.3,1.0,12.2,11.1,14.5,7.1,123.2,110.5
Royce O'Neale,Bro,F,29.8,76,31.7,13.6,16.1,69,0.725,174,0.379,419,0.389,0.524,0.538,8.8,5.1,3.7,0.9,0.6,1.5,13.9,12.6,17.6,6.9,108.1,107.9
Dennis Smith Jr.,Cha,G,25.4,54,25.7,17.6,15.3,106,0.736,341,0.475,111,0.216,0.438,0.475,8.8,3.1,4.8,1.4,0.5,1.5,11.9,13.6,16.7,7.9,103.2,109.5
T.J. McConnell,Ind,G,31.0,75,20.4,19.1,21.6,68,0.853,462,0.556,59,0.441,0.568,0.59,8.7,3.1,5.3,1.1,0.1,1.9,11.8,14.0,17.1,10.3,115.8,114.2
Cedi Osman,Cle,F,28.0,77,20.1,18.2,8.9,108,0.694,217,0.567,312,0.372,0.561,0.58,8.7,2.3,1.5,0.5,0.1,0.7,11.0,10.2,12.5,6.2,115.5,107.1
Steven Adams,Mem,C,29.7,42,27.0,14.6,23.1,129,0.364,262,0.599,1,0.0,0.597,0.564,8.6,11.5,2.3,0.9,1.1,1.9,20.1,10.9,22.5,9.0,118.1,103.2
Ayo Dosunmu,Chi,G,23.2,80,26.2,14.9,14.8,82,0.805,381,0.583,189,0.312,0.545,0.567,8.6,2.7,2.6,0.8,0.3,1.2,11.3,11.2,13.9,6.0,109.8,108.1
Draymond Green,Gol,F,33.1,73,31.5,13.2,30.1,108,0.713,343,0.612,131,0.305,0.57,0.592,8.5,7.2,6.8,1.0,0.8,2.8,15.6,15.3,22.5,9.5,113.8,106.1
Kevin Love,Cle,F-C,34.6,41,20.0,19.6,14.1,63,0.889,90,0.467,195,0.354,0.511,0.555,8.5,6.8,1.9,0.2,0.2,1.1,15.3,10.3,17.1,9.6,111.9,102.2
Shake Milton,Phi,G-F,26.5,76,20.6,18.5,15.7,116,0.853,355,0.521,148,0.378,0.535,0.575,8.4,2.5,3.1,0.3,0.2,1.2,10.9,11.5,14.0,7.8,115.3,110.3
Gary Harris,Orl,G,28.6,48,24.7,12.6,8.3,30,0.9,89,0.494,218,0.431,0.603,0.62,8.3,2.0,1.2,0.9,0.3,0.6,10.3,9.5,11.5,4.4,122.0,110.3
Jarred Vanderbilt,Uta,F,24.0,52,24.1,14.1,17.9,102,0.657,254,0.606,57,0.333,0.587,0.607,8.3,7.8,2.7,1.0,0.3,1.3,16.2,11.0,18.9,9.3,124.5,105.3
Damion Lee,Pho,G-F,30.5,74,20.4,16.3,14.7,104,0.904,205,0.439,247,0.445,0.564,0.607,8.2,3.1,1.3,0.4,0.1,1.1,11.2,9.5,12.6,6.3,114.3,109.9
Georges Niang,Phi,F,29.8,78,19.4,17.0,9.7,45,0.867,118,0.576,384,0.401,0.596,0.61,8.2,2.4,1.0,0.4,0.2,0.7,10.5,9.2,11.5,5.6,114.1,107.8
Nick Richards,Cha,C,25.4,65,18.7,15.7,15.8,183,0.749,312,0.628,1,1.0,0.631,0.676,8.2,6.4,0.6,0.2,1.1,0.9,14.6,8.8,15.2,6.8,131.2,104.4
Grant Williams,Bos,F,24.4,79,25.9,13.1,14.7,122,0.77,185,0.546,291,0.395,0.575,0.605,8.1,4.6,1.7,0.5,0.4,1.0,12.7,9.8,14.4,6.2,118.5,105.3
Jevon Carter,Mil,G,27.6,81,22.4,15.3,12.1,38,0.816,229,0.424,336,0.423,0.549,0.56,8.0,2.5,2.4,0.8,0.4,1.0,10.5,10.5,13.0,6.5,113.3,106.6
Terrence Ross,Orl,G-F,32.2,42,22.5,15.7,11.0,20,0.75,139,0.489,160,0.381,0.533,0.543,8.0,2.0,1.3,0.6,0.2,0.9,10.0,9.2,11.3,4.9,104.3,113.1
Kenrich Williams,Okc,G-F,28.4,53,22.8,13.7,8.5,39,0.436,212,0.608,134,0.373,0.59,0.585,8.0,4.9,2.0,0.8,0.3,0.6,12.9,10.0,14.9,7.5,126.5,108.1
Ochai Agbaji,Uta,G,23.0,59,20.5,15.8,9.6,69,0.812,158,0.532,228,0.355,0.532,0.561,7.9,2.0,1.1,0.3,0.3,0.7,9.9,9.1,11.1,5.1,114.5,114.4
Chris Duarte,Ind,G,25.8,46,19.5,19.0,11.0,72,0.847,159,0.428,174,0.316,0.452,0.496,7.9,2.5,1.4,0.5,0.2,0.9,10.4,9.3,11.8,6.2,100.7,115.7
Jeff Green,Den,F,36.6,56,19.5,17.0,12.3,117,0.744,224,0.58,104,0.288,0.534,0.576,7.8,2.6,1.2,0.3,0.3,0.8,10.4,9.0,11.6,5.9,114.1,109.9
Tre Mann,Okc,G,22.2,67,17.7,20.7,11.0,55,0.764,244,0.475,257,0.315,0.474,0.492,7.7,2.3,1.8,0.6,0.2,0.9,10.0,9.5,11.8,7.2,101.0,110.2
Pat Connaughton,Mil,G,30.3,61,23.7,13.8,7.3,41,0.659,99,0.566,322,0.339,0.521,0.531,7.6,4.6,1.3,0.6,0.2,0.5,12.3,8.9,13.5,6.0,112.4,109.6
Joe Harris,Bro,G-F,31.6,74,20.6,14.3,8.5,28,0.643,107,0.551,333,0.426,0.618,0.621,7.6,2.2,1.4,0.5,0.2,0.6,9.8,9.0,11.2,5.6,118.9,110.5
Trey Lyles,Sac,F,27.4,74,16.9,18.1,13.5,124,0.815,168,0.595,240,0.363,0.565,0.607,7.6,4.1,0.9,0.4,0.4,0.9,11.6,8.5,12.5,7.2,117.3,110.3
Torrey Craig,Pho,F,32.3,79,24.7,13.0,12.7,45,0.711,246,0.52,254,0.394,0.556,0.566,7.4,5.4,1.5,0.6,0.8,0.9,12.8,8.9,14.3,6.3,116.3,107.3
Mitchell Robinson,Nyk,C-F,25.0,59,26.9,10.1,12.8,122,0.484,280,0.671,0,0.0,0.671,0.652,7.4,9.4,0.9,0.9,1.8,0.7,16.8,8.3,17.7,5.9,142.6,104.9
Obi Toppin,Nyk,F,25.1,67,15.7,19.5,8.3,47,0.809,172,0.593,247,0.344,0.548,0.565,7.4,2.8,1.0,0.3,0.2,0.6,10.2,8.4,11.2,7.0,115.6,110.8
Trendon Watford,Por,F,22.4,62,19.1,16.1,18.0,100,0.72,259,0.602,64,0.391,0.599,0.625,7.4,3.8,2.1,0.5,0.2,1.1,11.2,9.5,13.3,8.2,118.1,110.6
Delon Wright,Was,G,31.0,50,24.4,12.9,13.1,60,0.867,172,0.564,120,0.342,0.543,0.579,7.4,3.6,3.9,1.8,0.3,0.9,11.0,11.3,14.9,7.7,127.3,112.2
Josh Okogie,Pho,G,24.6,72,18.8,17.7,13.2,192,0.724,217,0.442,197,0.335,0.471,0.531,7.3,3.5,1.5,0.8,0.5,0.9,10.8,8.8,12.3,7.2,113.8,108.4
Reggie Bullock,Dal,G-F,32.1,78,30.3,10.0,7.3,37,0.703,73,0.562,397,0.38,0.569,0.577,7.2,3.6,1.4,0.7,0.2,0.5,10.8,8.6,12.2,4.4,116.0,113.2
Isaiah Jackson,Ind,F,21.2,63,16.5,17.5,14.0,146,0.651,304,0.582,14,0.143,0.566,0.595,7.2,4.5,0.8,0.5,1.5,0.8,11.7,8.0,12.5,7.2,120.2,105.5
Troy Brown Jr.,Lal,G-F,23.7,76,24.5,12.1,9.5,39,0.872,184,0.505,281,0.381,0.545,0.561,7.1,4.1,1.3,0.8,0.2,0.6,11.2,8.4,12.4,5.5,113.6,109.8
Edmond Sumner,Bro,G,27.3,53,13.9,22.0,15.7,108,0.917,182,0.511,87,0.356,0.519,0.597,7.1,1.5,1.3,0.6,0.2,0.9,8.6,8.4,9.9,6.9,112.3,107.1
Kevon Looney,Gol,F,27.2,82,23.9,10.6,10.5,155,0.606,383,0.632,1,0.0,0.63,0.639,7.0,9.3,2.5,0.6,0.6,0.5,16.3,9.6,18.8,9.1,148.7,103.3
Xavier Tillman,Mem,F,24.2,61,19.3,13.7,12.6,89,0.551,291,0.632,15,0.267,0.621,0.621,7.0,5.0,1.6,1.0,0.5,0.7,12.1,8.6,13.6,7.9,129.0,105.2
Joe Ingles,Mil,F-G,35.5,46,22.7,12.6,18.1,21,0.857,45,0.556,203,0.409,0.603,0.616,6.9,2.8,3.3,0.7,0.1,1.2,9.7,10.2,12.9,7.0,119.6,108.2
Ty Jerome,Gol,G-F,25.8,45,18.1,14.9,11.0,41,0.927,152,0.546,90,0.389,0.56,0.594,6.9,1.7,3.0,0.5,0.1,0.7,8.6,9.9,11.6,7.2,126.1,112.1
Cory Joseph,Det,G,31.6,62,19.8,15.2,13.7,72,0.792,171,0.468,180,0.389,0.527,0.558,6.9,1.7,3.5,0.5,0.1,0.9,8.6,10.4,12.1,7.0,118.8,116.5
Romeo Langford,San,G-F,23.5,43,19.6,15.4,10.4,56,0.696,198,0.53,61,0.262,0.498,0.524,6.9,2.7,1.2,0.6,0.3,0.7,9.6,8.1,10.7,5.7,110.1,117.1
Ben Simmons,Bro,G-F,26.7,42,26.3,14.3,29.2,57,0.439,233,0.571,2,0.0,0.566,0.559,6.9,6.3,6.1,1.3,0.5,2.3,13.2,13.0,19.3,9.8,111.1,101.5
Larry Nance Jr.,Nor,F-C,30.3,65,21.2,11.9,12.1,79,0.696,263,0.654,42,0.333,0.633,0.649,6.8,5.4,1.8,0.9,0.6,0.6,12.2,8.6,14.1,7.6,134.4,104.0
Jeremiah Robinson-Earl,Okc,F,22.4,43,18.9,14.6,7.1,42,0.833,137,0.533,111,0.333,0.518,0.548,6.8,4.2,1.0,0.6,0.3,0.4,11.0,7.8,12.0,6.5,121.6,109.2
Aaron Wiggins,Okc,G-F,24.3,70,18.5,14.4,13.1,71,0.831,241,0.573,122,0.393,0.579,0.607,6.8,3.0,1.1,0.6,0.2,0.8,9.8,8.0,11.0,6.1,119.4,110.2
Terence Davis,Sac,G,25.9,64,13.1,22.2,12.7,43,0.791,121,0.537,243,0.366,0.545,0.563,6.7,2.2,1.0,0.7,0.2,0.8,8.9,7.8,10.0,7.5,105.8,104.7
Anthony Lamb,Gol,F,25.2,62,19.2,13.9,14.7,60,0.767,115,0.652,199,0.367,0.588,0.61,6.7,3.5,1.5,0.5,0.3,0.9,10.2,8.2,11.7,6.8,119.1,107.2
Isaiah Livers,Det,F,24.7,52,23.1,11.9,9.4,39,0.821,85,0.541,203,0.365,0.545,0.567,6.7,2.8,0.8,0.5,0.5,0.6,9.4,7.4,10.2,4.3,112.8,114.4
Theo Maledon,Cha,G,21.8,44,19.4,17.0,18.8,74,0.851,159,0.465,95,0.295,0.457,0.515,6.7,2.8,3.5,0.8,0.3,1.3,9.5,10.2,13.0,8.3,105.4,111.1
Dwight Powell,Dal,F-C,31.7,76,19.2,12.6,19.4,168,0.667,264,0.746,5,0.0,0.732,0.738,6.7,4.1,0.9,0.6,0.3,0.9,10.8,7.6,11.7,6.1,142.5,104.2
David Roddy,Mem,F,22.0,70,18.0,16.7,11.9,65,0.631,208,0.553,212,0.307,0.506,0.519,6.7,2.8,0.8,0.4,0.3,0.8,9.4,7.5,10.3,5.5,103.0,107.7
Drew Eubanks,Por,F-C,26.2,78,20.3,12.5,16.7,125,0.664,316,0.655,18,0.389,0.651,0.666,6.6,5.4,1.3,0.5,1.3,0.9,12.0,8.0,13.3,7.1,130.8,109.4
Jordan Goodwin,Was,G,24.5,62,17.8,17.3,13.9,69,0.768,235,0.511,118,0.322,0.501,0.531,6.6,3.3,2.7,0.9,0.4,0.9,9.9,9.3,12.6,8.7,113.9,108.5
Jock Landale,Pho,C,27.5,69,14.2,19.3,14.9,105,0.752,253,0.621,84,0.25,0.559,0.595,6.6,4.1,1.0,0.2,0.4,0.9,10.7,7.6,11.7,8.5,119.7,103.1
Nassir Little,Por,F-G,23.2,54,18.1,16.0,10.6,46,0.717,145,0.524,158,0.367,0.538,0.555,6.6,2.6,0.9,0.4,0.4,0.7,9.3,7.6,10.2,5.5,108.8,115.9
Goran Dragic,Chi,G,36.9,50,15.6,21.0,15.6,41,0.659,170,0.482,128,0.352,0.502,0.516,6.5,1.4,2.8,0.2,0.1,1.1,7.9,9.3,10.7,7.5,103.9,110.2
Patrick Beverley,Lal,G,34.7,45,26.9,10.6,14.8,50,0.78,83,0.506,158,0.348,0.517,0.548,6.4,3.1,2.6,0.9,0.6,0.9,9.5,9.0,12.1,5.5,112.6,106.8
JaMychal Green,Gol,F-C,32.8,57,14.0,17.5,17.1,67,0.776,141,0.667,111,0.378,0.623,0.65,6.4,3.6,0.9,0.4,0.4,0.9,10.0,7.3,10.9,7.8,121.3,103.5
Sam Hauser,Bos,F,25.3,80,16.1,14.7,7.0,17,0.706,61,0.656,335,0.418,0.631,0.634,6.4,2.6,0.9,0.4,0.3,0.4,9.0,7.3,9.8,6.1,123.9,107.2
Isaac Okoro,Cle,F-G,22.2,76,21.7,11.9,10.6,103,0.757,183,0.617,171,0.363,0.582,0.614,6.4,2.5,1.1,0.7,0.4,0.6,8.9,7.6,10.1,4.8,123.7,104.9
Duncan Robinson,Mia,F,29.0,42,16.5,17.9,10.6,32,0.906,45,0.556,192,0.328,0.504,0.534,6.4,1.6,1.1,0.3,0.0,0.7,8.0,7.5,9.1,5.4,105.0,105.8
Simone Fontecchio,Uta,F,27.3,52,14.7,20.2,11.1,44,0.795,121,0.43,191,0.33,0.47,0.495,6.3,1.7,0.8,0.3,0.2,0.8,8.0,7.1,8.8,5.6,100.8,113.9
Mike Muscala,Okc,F-C,31.8,43,14.5,15.7,6.4,39,0.795,61,0.541,142,0.394,0.576,0.602,6.2,3.1,0.9,0.3,0.4,0.3,9.3,7.0,10.2,7.1,125.0,105.5
Nicolas Batum,Lac,G-F,34.3,78,21.9,11.5,11.6,48,0.708,64,0.563,317,0.391,0.583,0.594,6.1,3.8,1.6,0.7,0.6,0.6,10.0,7.7,11.5,6.1,120.8,108.2
Oshae Brissett,Ind,F-G,24.8,65,16.7,16.1,9.4,145,0.717,164,0.457,155,0.31,0.461,0.52,6.1,3.4,0.7,0.5,0.2,0.5,9.5,6.8,10.2,5.8,110.8,114.3
Robert Covington,Lac,F,32.3,48,16.2,15.6,12.2,40,0.75,93,0.516,136,0.397,0.563,0.584,6.0,3.5,1.2,0.8,0.7,0.7,9.5,7.2,10.7,7.2,116.3,103.6
Andre Drummond,Chi,C,29.7,67,12.7,21.0,21.5,125,0.536,271,0.613,3,0.0,0.606,0.606,6.0,6.6,0.5,0.7,0.4,1.1,12.6,6.4,13.1,8.5,115.2,93.2
Jaylin Williams,Okc,F,20.8,49,18.7,13.4,13.7,54,0.704,121,0.463,112,0.411,0.536,0.561,5.9,4.9,1.6,0.6,0.2,0.8,10.8,7.4,12.4,7.7,115.4,102.7
Josh Christopher,Hou,G,21.3,64,12.3,21.9,15.4,60,0.75,240,0.55,89,0.236,0.497,0.523,5.8,1.1,1.1,0.5,0.2,0.9,6.9,7.0,8.1,6.2,101.9,116.0
Jalen Johnson,Atl,F,21.3,69,15.1,16.0,11.3,78,0.628,218,0.587,104,0.288,0.537,0.554,5.7,4.1,1.2,0.6,0.5,0.6,9.8,6.9,11.0,8.0,114.2,105.5
Alex Caruso,Chi,G,29.1,67,23.5,11.1,21.2,73,0.808,135,0.556,151,0.364,0.551,0.588,5.6,2.9,2.9,1.5,0.7,1.1,8.5,8.5,11.4,6.1,115.1,104.0
Montrezl Harrell,Phi,F-C,29.2,57,11.9,18.9,14.3,101,0.693,203,0.616,6,0.0,0.598,0.631,5.6,2.8,0.6,0.3,0.4,0.6,8.4,6.2,9.0,7.1,125.1,105.1
Kevin Knox II,Det,F,23.7,42,14.1,16.2,15.1,33,0.788,63,0.651,116,0.371,0.589,0.612,5.6,2.6,0.4,0.3,0.3,0.8,8.2,6.0,8.6,5.1,109.6,108.6
Davion Mitchell,Sac,G,24.6,80,18.1,14.1,13.4,31,0.806,202,0.584,197,0.32,0.533,0.545,5.6,1.3,2.3,0.6,0.2,0.8,6.9,7.9,9.3,5.7,111.3,112.9
Payton Pritchard,Bos,G,25.2,48,13.4,19.9,14.0,16,0.75,91,0.495,154,0.364,0.527,0.536,5.6,1.8,1.3,0.3,0.0,0.8,7.5,7.0,8.8,7.0,104.9,110.2
Yuta Watanabe,Bro,G-F,28.5,58,16.0,13.1,8.7,47,0.723,97,0.557,135,0.444,0.621,0.637,5.6,2.4,0.8,0.4,0.3,0.4,8.0,6.4,8.8,5.5,125.4,109.9
Wenyen Gabriel,Lal,F,26.0,68,15.1,14.1,15.0,84,0.619,224,0.647,36,0.278,0.615,0.626,5.5,4.2,0.5,0.4,0.5,0.7,9.7,6.0,10.2,6.0,124.5,101.4
Devonte' Graham,Nor,G,28.1,53,15.3,15.0,10.5,59,0.746,41,0.463,190,0.347,0.511,0.545,5.3,1.4,2.2,0.6,0.2,0.5,6.6,7.5,8.8,6.6,118.4,111.1
Bryce McGowens,Cha,G,20.4,46,17.1,15.0,17.5,80,0.75,122,0.443,80,0.325,0.46,0.519,5.3,2.0,1.2,0.3,0.1,0.9,7.4,6.5,8.5,5.5,100.4,114.7
Lamar Stevens,Cle,F,25.8,62,18.1,13.6,8.6,57,0.702,193,0.513,95,0.316,0.5,0.524,5.3,3.4,0.5,0.4,0.3,0.4,8.6,5.8,9.2,4.6,109.4,106.7
Rudy Gay,Uta,F-G,36.6,56,14.6,17.7,11.4,49,0.857,157,0.484,130,0.254,0.437,0.475,5.2,2.9,1.0,0.3,0.3,0.7,8.1,6.3,9.2,6.8,100.9,110.8
Zeke Nnaji,Den,F-C,22.2,53,13.7,15.2,13.6,62,0.645,131,0.71,65,0.262,0.605,0.62,5.2,2.6,0.3,0.3,0.4,0.6,7.8,5.6,8.2,4.7,120.8,103.5
Lindy Waters III,Okc,F,25.7,41,12.9,15.5,5.3,20,0.8,16,0.75,162,0.358,0.556,0.573,5.2,1.8,0.7,0.3,0.3,0.2,7.0,5.9,7.7,5.8,119.8,111.0
MarJon Beauchamp,Mil,F,22.5,52,13.5,18.3,15.6,37,0.73,101,0.485,142,0.331,0.492,0.513,5.1,2.2,0.7,0.4,0.1,0.9,7.3,5.8,8.0,5.9,99.5,105.0
John Konchar,Mem,G,27.0,72,20.7,10.4,10.4,36,0.778,143,0.545,177,0.339,0.525,0.542,5.1,4.3,1.4,1.1,0.3,0.5,9.3,6.4,10.7,6.1,116.8,105.6
Vlatko Cancar,Den,F,26.0,60,14.8,13.8,14.0,43,0.907,112,0.58,115,0.374,0.57,0.606,5.0,2.1,1.3,0.4,0.2,0.6,7.1,6.3,8.4,6.5,118.9,108.5
Isaiah Hartenstein,Nyk,C-F,24.9,82,19.9,11.2,16.8,71,0.676,290,0.576,37,0.216,0.547,0.567,5.0,6.5,1.2,0.6,0.8,0.8,11.5,6.2,12.7,6.8,124.6,101.3
Jaxson Hayes,Nor,C-F,22.9,47,13.0,15.7,16.6,83,0.699,127,0.654,29,0.103,0.561,0.605,5.0,2.8,0.7,0.4,0.4,0.7,7.8,5.7,8.5,6.6,117.7,103.7
Derrick Jones Jr.,Chi,F,26.1,64,14.0,14.4,9.8,84,0.738,150,0.587,80,0.338,0.559,0.597,5.0,2.4,0.5,0.5,0.6,0.4,7.4,5.5,7.9,5.2,123.4,106.2
Chimezie Metu,Sac,F-C,26.1,66,10.4,17.6,12.7,73,0.74,181,0.663,38,0.237,0.61,0.639,4.9,3.0,0.6,0.3,0.3,0.5,7.9,5.5,8.5,7.9,124.6,104.6
Austin Rivers,Min,G,30.7,52,19.5,10.5,9.9,39,0.769,86,0.558,123,0.35,0.538,0.564,4.9,1.6,1.4,0.5,0.1,0.4,6.5,6.3,7.9,4.6,114.5,111.9
Danuel House Jr.,Phi,F-G,29.8,56,14.4,13.8,11.6,60,0.75,87,0.644,110,0.336,0.566,0.6,4.8,1.7,0.8,0.3,0.2,0.5,6.5,5.6,7.3,5.2,115.3,109.2
Garrison Mathews,Hou,G,26.5,45,13.4,14.3,9.6,45,0.911,15,0.467,155,0.342,0.509,0.564,4.8,1.4,0.5,0.5,0.1,0.4,6.1,5.3,6.6,4.5,117.0,113.6
Moses Moody,Gol,G,20.9,63,13.0,14.6,13.0,53,0.698,92,0.641,135,0.363,0.584,0.603,4.8,1.7,0.8,0.3,0.1,0.5,6.5,5.6,7.3,5.8,116.0,113.6
Christian Braun,Den,G,22.0,76,15.5,13.0,10.8,64,0.625,193,0.565,96,0.354,0.554,0.568,4.7,2.4,0.8,0.5,0.2,0.5,7.1,5.5,7.9,5.4,114.7,108.9
Day'Ron Sharpe,Bro,F,21.4,48,11.5,19.0,19.7,55,0.636,160,0.544,11,0.545,0.561,0.581,4.7,4.2,0.8,0.3,0.7,0.9,8.9,5.5,9.7,8.7,120.0,99.3
Dean Wade,Cle,F-C,26.4,44,20.3,10.2,8.7,23,0.652,50,0.56,127,0.354,0.54,0.55,4.7,3.4,0.8,0.6,0.5,0.4,8.1,5.5,8.9,4.6,113.4,102.7
Davis Bertans,Dal,F,30.4,45,10.9,16.2,5.9,15,0.867,19,0.737,141,0.39,0.603,0.618,4.6,1.2,0.5,0.2,0.2,0.2,5.8,5.0,6.2,5.1,120.7,109.5
Malachi Flynn,Tor,G,24.9,53,13.0,17.4,9.4,33,0.758,109,0.367,133,0.353,0.457,0.479,4.6,1.4,1.3,0.4,0.1,0.5,6.1,6.0,7.4,6.2,104.9,109.2
Haywood Highsmith,Mia,F,26.3,54,18.0,12.5,17.2,28,0.464,107,0.523,109,0.339,0.516,0.517,4.4,3.5,0.8,0.7,0.3,0.8,7.8,5.2,8.6,5.1,101.5,106.5
JaVale McGee,Dal,C-F,35.2,42,8.4,22.8,22.3,41,0.585,120,0.65,5,0.4,0.648,0.65,4.4,2.5,0.3,0.1,0.6,0.9,7.0,4.7,7.2,7.1,109.0,101.4
Thaddeus Young,Tor,F,34.8,54,14.7,13.5,17.5,26,0.692,164,0.622,34,0.176,0.561,0.573,4.4,3.1,1.4,1.0,0.1,0.8,7.5,5.8,8.9,7.3,116.6,104.2
Bismack Biyombo,Pho,C,30.6,61,14.3,14.0,19.8,70,0.357,206,0.578,0,0.0,0.578,0.555,4.3,4.2,0.9,0.3,1.4,0.8,8.6,5.2,9.5,7.1,109.3,101.6
Paul Reed,Phi,F,23.8,69,10.9,16.4,17.7,51,0.745,203,0.606,6,0.167,0.596,0.62,4.2,3.8,0.4,0.7,0.7,0.7,8.0,4.6,8.3,6.8,124.3,95.2
Ish Wainright,Pho,F,28.6,60,15.3,12.2,8.8,31,0.839,54,0.5,173,0.329,0.496,0.522,4.2,2.3,0.9,0.6,0.4,0.4,6.5,5.1,7.4,5.4,114.2,103.6
Blake Griffin,Bos,F,34.1,41,13.9,12.8,14.4,32,0.656,64,0.625,66,0.348,0.573,0.59,4.1,3.8,1.5,0.3,0.2,0.5,7.9,5.6,9.4,8.2,128.0,99.4
Isaiah Roby,San,F,25.2,42,11.3,17.8,16.6,41,0.488,95,0.516,60,0.3,0.49,0.497,4.1,2.5,0.9,0.4,0.2,0.7,6.6,5.0,7.5,7.4,96.7,110.0
Daishen Nix,Hou,G,21.2,57,16.0,15.4,26.6,36,0.667,97,0.423,140,0.286,0.426,0.447,4.0,1.7,2.3,0.5,0.1,1.5,5.7,6.3,8.0,6.3,88.3,117.0
Aaron Holiday,Atl,G,26.5,63,13.4,13.4,14.0,32,0.844,132,0.424,88,0.409,0.5,0.528,3.9,1.2,1.4,0.6,0.2,0.6,5.1,5.3,6.5,5.6,110.0,111.2
Jabari Walker,Por,F,20.7,56,11.1,17.3,12.8,45,0.756,142,0.472,56,0.286,0.46,0.496,3.9,2.3,0.6,0.2,0.2,0.5,6.2,4.5,6.8,6.3,105.1,110.8
Dyson Daniels,Nor,G,20.1,59,17.7,11.6,21.5,40,0.65,122,0.492,86,0.314,0.483,0.503,3.8,3.2,2.3,0.7,0.2,1.0,7.0,6.1,9.3,6.9,104.8,105.0
Caleb Houstan,Orl,G,20.2,51,15.9,11.0,9.0,18,0.833,46,0.435,136,0.338,0.489,0.508,3.8,1.9,0.6,0.2,0.1,0.4,5.7,4.4,6.3,4.1,108.7,111.5
Luke Kornet,Bos,F-C,27.7,69,11.7,11.5,12.8,39,0.821,157,0.701,13,0.231,0.674,0.697,3.8,2.9,0.8,0.2,0.7,0.4,6.6,4.6,7.4,7.1,144.8,104.8
JT Thor,Cha,F,20.6,69,14.0,13.2,15.6,47,0.702,115,0.487,123,0.317,0.481,0.506,3.8,2.2,0.5,0.3,0.3,0.6,6.0,4.3,6.5,4.6,97.4,112.9
Jordan McLaughlin,Min,G,27.0,43,15.8,11.7,18.5,18,0.833,67,0.552,78,0.308,0.503,0.526,3.7,1.4,3.4,0.7,0.1,0.8,5.2,7.2,8.6,6.6,118.7,115.1
Taj Gibson,Was,F,37.8,48,10.0,15.3,17.2,42,0.714,101,0.564,24,0.333,0.552,0.585,3.5,1.9,0.7,0.3,0.3,0.5,5.4,4.2,6.1,6.7,114.7,100.3
Miles McBride,Nyk,G,22.6,64,11.9,14.6,10.4,42,0.667,81,0.457,134,0.299,0.451,0.475,3.5,0.8,1.1,0.6,0.1,0.4,4.3,4.6,5.4,4.9,105.8,110.5
P.J. Tucker,Phi,F,37.9,75,25.6,6.5,16.3,23,0.826,85,0.482,140,0.393,0.549,0.566,3.5,3.9,0.8,0.5,0.2,0.6,7.5,4.3,8.3,3.5,118.7,108.1
Amir Coffey,Lac,G-F,25.8,50,12.5,13.5,12.6,63,0.778,105,0.429,40,0.275,0.424,0.498,3.4,1.1,1.1,0.1,0.1,0.4,4.5,4.5,5.6,5.1,108.4,112.6
Kai Jones,Cha,C-F,22.2,46,11.9,12.4,20.5,26,0.731,101,0.624,19,0.211,0.575,0.597,3.4,2.7,0.3,0.4,0.7,0.7,6.1,3.7,6.4,4.7,106.9,105.9
Wesley Matthews,Mil,G,36.5,52,15.7,9.8,10.1,28,0.857,36,0.528,124,0.315,0.484,0.519,3.4,2.2,0.7,0.4,0.3,0.3,5.6,4.1,6.3,4.4,113.1,107.2
Jericho Sims,Nyk,C,24.5,52,15.6,7.4,20.1,16,0.75,106,0.783,1,0.0,0.776,0.78,3.4,4.7,0.5,0.3,0.5,0.5,8.1,3.9,8.6,5.1,146.4,104.3
Anthony Gill,Was,F,30.5,59,10.6,12.3,10.2,67,0.731,103,0.65,29,0.138,0.553,0.604,3.3,1.7,0.6,0.1,0.2,0.3,5.0,3.9,5.6,5.7,128.1,109.2
Raul Neto,Cle,G,30.9,48,10.5,13.1,17.2,34,0.912,68,0.662,42,0.286,0.573,0.628,3.3,1.0,1.6,0.4,0.1,0.5,4.2,4.9,5.9,6.6,127.4,105.1
Max Christie,Lal,G,20.2,41,12.5,10.3,10.1,16,0.875,44,0.409,62,0.419,0.538,0.566,3.1,1.8,0.5,0.2,0.2,0.3,5.0,3.6,5.5,4.5,111.7,110.6
Richaun Holmes,Sac,F,29.5,42,8.3,13.7,13.5,19,0.789,81,0.617,8,0.625,0.646,0.668,3.1,1.9,0.2,0.1,0.3,0.3,5.0,3.3,5.2,5.1,128.0,105.0
Christian Koloko,Tor,C,22.8,58,13.8,10.4,11.7,59,0.627,138,0.514,12,0.083,0.483,0.517,3.1,2.9,0.5,0.4,1.0,0.3,6.1,3.7,6.6,4.8,119.3,101.5
Usman Garuba,Hou,F,21.1,75,12.9,10.5,21.0,47,0.617,118,0.525,59,0.407,0.554,0.569,3.0,4.1,0.9,0.6,0.4,0.6,7.1,3.9,7.9,6.9,118.3,105.0
Juancho Hernangomez,Tor,F,27.5,42,14.6,9.5,11.6,16,0.563,47,0.66,67,0.254,0.496,0.504,2.9,2.9,0.6,0.4,0.1,0.4,5.8,3.5,6.4,4.7,108.3,110.4
Frank Ntilikina,Dal,G,24.7,47,12.9,13.1,18.0,33,0.667,65,0.477,67,0.254,0.428,0.461,2.9,1.3,1.2,0.3,0.1,0.6,4.2,4.1,5.4,5.1,94.7,109.3
Matisse Thybulle,Phi,G-F,26.1,49,12.1,9.8,6.4,12,0.75,53,0.547,63,0.333,0.522,0.536,2.7,1.3,0.5,0.9,0.3,0.2,3.9,3.1,4.4,4.0,116.2,103.6
Ish Smith,Den,G,34.8,43,9.3,19.3,25.1,4,0.5,119,0.42,12,0.167,0.405,0.407,2.5,1.3,2.3,0.2,0.2,1.0,3.8,4.8,6.1,8.4,88.7,109.9
